study_accession	secondary_study_accession	study_title	study_description	center_name	study_name	project_name
PRJEB1690	ERP002391	This is a metagenomic study to investigate the microbial community and metabolic functions of Korean twin pairs.	This is a metagenomic study to investigate the microbial community and metabolic functions of Korean twin pairs. Fecal samples from 10 twin pairs were collected once and those of 8 pairs were collected twice with an average interval between sampling of about 2 years. Whole genome shotgun (WGS) sequencing was performed in a total of 36 fecal samples.	Seoul National University;Korea;SNU		
PRJEB103154	ERP184507	TPA metagenomic assembly of the PRJEB17632 data set	The Third Party Annotation (TPA) assembly was derived from the primary whole genome shotgun (WGS) dataset PRJEB17632. The assembly was generated with metaSPAdes (Nurk et al., 2017) and metagenome-assembled genomes (MAGs) were reconstructed using MetaBAT2 (Kang et al., 2019) with contig coverage information across multiple samples. Methods are described in Paoli et al., 2022 and Ruscheweyh et al., 2022.	ETH ZURICH		
PRJEB103167	ERP184520	TPA metagenomic assembly of the PRJNA688274 data set	The Third Party Annotation (TPA) assembly was derived from the primary whole genome shotgun (WGS) dataset PRJNA688274. The assembly was generated with metaSPAdes (Nurk et al., 2017) and metagenome-assembled genomes (MAGs) were reconstructed using MetaBAT2 (Kang et al., 2019) with contig coverage information across multiple samples. Methods are described in Paoli et al., 2022 and Ruscheweyh et al., 2022.	ETH ZURICH		
PRJEB103248	ERP184601	TPA metagenomic assembly of the PRJEB22893 data set	The Third Party Annotation (TPA) assembly was derived from the primary whole genome shotgun (WGS) dataset PRJEB22893. The assembly was generated with metaSPAdes (Nurk et al., 2017) and metagenome-assembled genomes (MAGs) were reconstructed using MetaBAT2 (Kang et al., 2019) with contig coverage information across multiple samples. Methods are described in Paoli et al., 2022 and Ruscheweyh et al., 2022.	ETH ZURICH		
PRJEB103269	ERP184622	TPA metagenomic assembly of the PRJNA48479 data set	The Third Party Annotation (TPA) assembly was derived from the primary whole genome shotgun (WGS) dataset PRJNA48479. The assembly was generated with metaSPAdes (Nurk et al., 2017) and metagenome-assembled genomes (MAGs) were reconstructed using MetaBAT2 (Kang et al., 2019) with contig coverage information across multiple samples. Methods are described in Paoli et al., 2022 and Ruscheweyh et al., 2022.	ETH ZURICH		
PRJEB103319	ERP184672	TPA metagenomic assembly of the PRJNA328899 data set	The Third Party Annotation (TPA) assembly was derived from the primary whole genome shotgun (WGS) dataset PRJNA328899. The assembly was generated with metaSPAdes (Nurk et al., 2017) and metagenome-assembled genomes (MAGs) were reconstructed using MetaBAT2 (Kang et al., 2019) with contig coverage information across multiple samples. Methods are described in Paoli et al., 2022 and Ruscheweyh et al., 2022.	ETH ZURICH		
PRJEB103629	ERP184982	TPA metagenomic assembly of the PRJNA504891 data set	The Third Party Annotation (TPA) assembly was derived from the primary whole genome shotgun (WGS) dataset PRJNA504891. The assembly was generated with metaSPAdes (Nurk et al., 2017) and metagenome-assembled genomes (MAGs) were reconstructed using MetaBAT2 (Kang et al., 2019) with contig coverage information across multiple samples. Methods are described in Paoli et al., 2022 and Ruscheweyh et al., 2022.	ETH ZURICH		
PRJEB103715	ERP185068	TPA metagenomic assembly of the PRJDB4176 data set	The Third Party Annotation (TPA) assembly was derived from the primary whole genome shotgun (WGS) dataset PRJDB4176. The assembly was generated with metaSPAdes (Nurk et al., 2017) and metagenome-assembled genomes (MAGs) were reconstructed using MetaBAT2 (Kang et al., 2019) with contig coverage information across multiple samples. Methods are described in Paoli et al., 2022 and Ruscheweyh et al., 2022.	ETH ZURICH		
PRJEB103732	ERP185085	TPA metagenomic assembly of the PRJEB6997 data set	The Third Party Annotation (TPA) assembly was derived from the primary whole genome shotgun (WGS) dataset PRJEB6997. The assembly was generated with metaSPAdes (Nurk et al., 2017) and metagenome-assembled genomes (MAGs) were reconstructed using MetaBAT2 (Kang et al., 2019) with contig coverage information across multiple samples. Methods are described in Paoli et al., 2022 and Ruscheweyh et al., 2022.	ETH ZURICH		
PRJEB103621	ERP184974	TPA metagenomic assembly of the PRJNA693850 data set	The Third Party Annotation (TPA) assembly was derived from the primary whole genome shotgun (WGS) dataset PRJNA693850. The assembly was generated with metaSPAdes (Nurk et al., 2017) and metagenome-assembled genomes (MAGs) were reconstructed using MetaBAT2 (Kang et al., 2019) with contig coverage information across multiple samples. Methods are described in Paoli et al., 2022 and Ruscheweyh et al., 2022.	ETH ZURICH		
PRJEB103435	ERP184788	TPA metagenomic assembly of the PRJNA832909 data set	The Third Party Annotation (TPA) assembly was derived from the primary whole genome shotgun (WGS) dataset PRJNA832909. The assembly was generated with metaSPAdes (Nurk et al., 2017) and metagenome-assembled genomes (MAGs) were reconstructed using MetaBAT2 (Kang et al., 2019) with contig coverage information across multiple samples. Methods are described in Paoli et al., 2022 and Ruscheweyh et al., 2022.	ETH ZURICH		
PRJEB103256	ERP184609	TPA metagenomic assembly of the PRJEB12124 data set	The Third Party Annotation (TPA) assembly was derived from the primary whole genome shotgun (WGS) dataset PRJEB12124. The assembly was generated with metaSPAdes (Nurk et al., 2017) and metagenome-assembled genomes (MAGs) were reconstructed using MetaBAT2 (Kang et al., 2019) with contig coverage information across multiple samples. Methods are described in Paoli et al., 2022 and Ruscheweyh et al., 2022.	ETH ZURICH		
PRJEB103631	ERP184984	TPA metagenomic assembly of the PRJNA529400 data set	The Third Party Annotation (TPA) assembly was derived from the primary whole genome shotgun (WGS) dataset PRJNA529400. The assembly was generated with metaSPAdes (Nurk et al., 2017) and metagenome-assembled genomes (MAGs) were reconstructed using MetaBAT2 (Kang et al., 2019) with contig coverage information across multiple samples. Methods are described in Paoli et al., 2022 and Ruscheweyh et al., 2022.	ETH ZURICH		
PRJEB103270	ERP184623	TPA metagenomic assembly of the PRJNA398089 data set	The Third Party Annotation (TPA) assembly was derived from the primary whole genome shotgun (WGS) dataset PRJNA398089. The assembly was generated with metaSPAdes (Nurk et al., 2017) and metagenome-assembled genomes (MAGs) were reconstructed using MetaBAT2 (Kang et al., 2019) with contig coverage information across multiple samples. Methods are described in Paoli et al., 2022 and Ruscheweyh et al., 2022.	ETH ZURICH		
PRJEB103280	ERP184633	TPA metagenomic assembly of the PRJEB21528 data set	The Third Party Annotation (TPA) assembly was derived from the primary whole genome shotgun (WGS) dataset PRJEB21528. The assembly was generated with metaSPAdes (Nurk et al., 2017) and metagenome-assembled genomes (MAGs) were reconstructed using MetaBAT2 (Kang et al., 2019) with contig coverage information across multiple samples. Methods are described in Paoli et al., 2022 and Ruscheweyh et al., 2022.	ETH ZURICH		
PRJEB103718	ERP185071	TPA metagenomic assembly of the PRJNA475246 data set	The Third Party Annotation (TPA) assembly was derived from the primary whole genome shotgun (WGS) dataset PRJNA475246. The assembly was generated with metaSPAdes (Nurk et al., 2017) and metagenome-assembled genomes (MAGs) were reconstructed using MetaBAT2 (Kang et al., 2019) with contig coverage information across multiple samples. Methods are described in Paoli et al., 2022 and Ruscheweyh et al., 2022.	ETH ZURICH		
PRJEB103111	ERP184464	TPA metagenomic assembly of the PRJEB39223 data set	The Third Party Annotation (TPA) assembly was derived from the primary whole genome shotgun (WGS) dataset PRJEB39223. The assembly was generated with metaSPAdes (Nurk et al., 2017) and metagenome-assembled genomes (MAGs) were reconstructed using MetaBAT2 (Kang et al., 2019) with contig coverage information across multiple samples. Methods are described in Paoli et al., 2022 and Ruscheweyh et al., 2022.	ETH ZURICH		
PRJEB103474	ERP184827	TPA metagenomic assembly of the PRJNA485056 data set	The Third Party Annotation (TPA) assembly was derived from the primary whole genome shotgun (WGS) dataset PRJNA485056. The assembly was generated with metaSPAdes (Nurk et al., 2017) and metagenome-assembled genomes (MAGs) were reconstructed using MetaBAT2 (Kang et al., 2019) with contig coverage information across multiple samples. Methods are described in Paoli et al., 2022 and Ruscheweyh et al., 2022.	ETH ZURICH		
PRJEB103630	ERP184983	TPA metagenomic assembly of the PRJNA529124 data set	The Third Party Annotation (TPA) assembly was derived from the primary whole genome shotgun (WGS) dataset PRJNA529124. The assembly was generated with metaSPAdes (Nurk et al., 2017) and metagenome-assembled genomes (MAGs) were reconstructed using MetaBAT2 (Kang et al., 2019) with contig coverage information across multiple samples. Methods are described in Paoli et al., 2022 and Ruscheweyh et al., 2022.	ETH ZURICH		
PRJEB103604	ERP184957	TPA metagenomic assembly of the PRJNA319574 data set	The Third Party Annotation (TPA) assembly was derived from the primary whole genome shotgun (WGS) dataset PRJNA319574. The assembly was generated with metaSPAdes (Nurk et al., 2017) and metagenome-assembled genomes (MAGs) were reconstructed using MetaBAT2 (Kang et al., 2019) with contig coverage information across multiple samples. Methods are described in Paoli et al., 2022 and Ruscheweyh et al., 2022.	ETH ZURICH		
PRJEB103728	ERP185081	TPA metagenomic assembly of the PRJEB11532 data set	The Third Party Annotation (TPA) assembly was derived from the primary whole genome shotgun (WGS) dataset PRJEB11532. The assembly was generated with metaSPAdes (Nurk et al., 2017) and metagenome-assembled genomes (MAGs) were reconstructed using MetaBAT2 (Kang et al., 2019) with contig coverage information across multiple samples. Methods are described in Paoli et al., 2022 and Ruscheweyh et al., 2022.	ETH ZURICH		
PRJEB103632	ERP184985	TPA metagenomic assembly of the PRJNA447983 data set	The Third Party Annotation (TPA) assembly was derived from the primary whole genome shotgun (WGS) dataset PRJNA447983. The assembly was generated with metaSPAdes (Nurk et al., 2017) and metagenome-assembled genomes (MAGs) were reconstructed using MetaBAT2 (Kang et al., 2019) with contig coverage information across multiple samples. Methods are described in Paoli et al., 2022 and Ruscheweyh et al., 2022.	ETH ZURICH		
PRJEB103489	ERP184842	TPA metagenomic assembly of the PRJEB6337 data set	The Third Party Annotation (TPA) assembly was derived from the primary whole genome shotgun (WGS) dataset PRJEB6337. The assembly was generated with metaSPAdes (Nurk et al., 2017) and metagenome-assembled genomes (MAGs) were reconstructed using MetaBAT2 (Kang et al., 2019) with contig coverage information across multiple samples. Methods are described in Paoli et al., 2022 and Ruscheweyh et al., 2022.	ETH ZURICH		
PRJEB103685	ERP185038	TPA metagenomic assembly of the PRJNA834801 data set	The Third Party Annotation (TPA) assembly was derived from the primary whole genome shotgun (WGS) dataset PRJNA834801. The assembly was generated with metaSPAdes (Nurk et al., 2017) and metagenome-assembled genomes (MAGs) were reconstructed using MetaBAT2 (Kang et al., 2019) with contig coverage information across multiple samples. Methods are described in Paoli et al., 2022 and Ruscheweyh et al., 2022.	ETH ZURICH		
PRJEB103710	ERP185063	TPA metagenomic assembly of the PRJEB9576 data set	The Third Party Annotation (TPA) assembly was derived from the primary whole genome shotgun (WGS) dataset PRJEB9576. The assembly was generated with metaSPAdes (Nurk et al., 2017) and metagenome-assembled genomes (MAGs) were reconstructed using MetaBAT2 (Kang et al., 2019) with contig coverage information across multiple samples. Methods are described in Paoli et al., 2022 and Ruscheweyh et al., 2022.	ETH ZURICH		
PRJEB12124	ERP013563	Gut microbiome-dependent stratification of patients for anti-diabetic treatment	Dysbosis of intestinal microbiota could contribute to the pathogenesis of Type 2 Diabetes. It is yet to be known whether intestinal flora could be related to differential responds to antidiabetic therapies. This study, herein for the first time, metagenomic sequenced fecal samples from a randomized clinical trial on new onset untreated Type 2 Diabetes patients applied two treatment arms, Acarbose and Glipizide (Sulfonylurea) and analyzed the differential responses of intestinal flora in different groups. Results showed substantial impact of Acarbose on gut microbiota community but minor of Glipizide. Enterotypes with similar baseline clinical characteristics, had significant different pharmacologic respond to Acarbose on insulin resistance, gut hormones, bile acids and cardiovascular risks, indicating that different pattern of intestinal microbiota component could determine different responses of Type 2 Diabetes to antidiabetic pharmacological therapies.	Beijing Genome Institute;BGI	Gut microbiome-dependent stratification of patients for anti-diabetic treatment	Gut microbiome-dependent stratification of patients for anti-diabetic treatment
PRJEB21528	ERP023788	Here we performed a metagenome-wide association study (MWAS) on stools from 218 individuals with atherosclerotic cardiovascular disease (ACVD) and 187 healthy controls.	The gut microbiota has been linked to cardiovascular diseases, most notably through the production of trimethylamine and its hepatic conversion to the proatherogenic metabolite, trimethylamine-N-oxide. However, the composition and functional capacity of the gut microbiome in relation to cardiovascular diseases have not been systematically examined. Here we perform a metagenome-wide association study on stools from 218 individuals with atherosclerotic cardiovascular disease (ACVD) and 187 healthy controls. The ACVD gut microbiome deviates from the healthy status by increased abundance of Enterobacteriaceae and Streptococcus spp. and, functionally, in the potential for metabolism or transport of several molecules important for cardiovascular health. We further identify common themes by comparison with gut microbiome data associated with other cardiometabolic diseases (obesity and type 2 diabetes), liver cirrhosis, and an autoimmune disease, rheumatoid arthritis. Our data represent a comprehensive resource for further investigations on the role of the gut microbiome in promoting or preventing ACVD as well as other related diseases.	Beijing Genome Institute;BGI	The gut microbiome in atherosclerotic cardiovascular disease	The gut microbiome in atherosclerotic cardiovascular disease
PRJEB17632	ERP019502	Subspecies in the global human gut microbiome	While population stratification has been extensively studied and quantified in sexually reproducing species, it has been only anecdotally described in others. Here, we conducted a large-scale survey of population stratification in prokaryotic species, sampled from their natural habitat, without isolation or cultivation biases. We surveyed the variation landscape of 71 prevalent microbial species in 2144 human fecal metagenomes, and show that in 44 of these, accounting for 72% of the total assigned microbial abundance, single nucleotide variation can be clustered and stratified into sub-populations (termed subspecies). Individuals are usually dominated by only one such subspecies (per species), as expected of closely related organisms from ecological theory. Geographical dispersal patterns differ between phyla, with Firmicutes subspecies being significantly more geographically restricted. To demonstrate the functional significance of the delineated subspecies, we performed a metagenomic analysis, independent of reference genomes, of the gene content that consistently differs between conspecific subspecies, allowing us to associate groups of genes to properties of the microbial community and to the host. For example, some Eubacterium rectale subspecies specifically harbor an accessory pro-inflammatory flagellum operon that is associated with lower gut community diversity, higher host BMI and higher blood fasting insulin levels. Taken together, subspecies are a natural taxonomic level in prokaryotes and facilitate the functional and ecological understanding of the human gut microbiome in conjunction with its host.	European Molecular Biology Laboratory;EMBL	Global subspecies distribution	Global subspecies distribution
PRJEB1786	ERP002469	Gut metagenome in European women with normal, impaired and diabetic glucose control	Gut metagenome in European women with normal, impaired and diabetic glucose control	Chalmers University of Technology;CHALMERS		
PRJEB11532	ERP012929	Towards personalized nutrition by prediction of glycemic responses	Elevated postprandial blood glucose levels constitute a global epidemic and a major risk factor for prediabetes and type-II diabetes, but existing dietary methods for controlling them have limited efficacy. Here, we continuously monitored week-long glucose levels in a 800-person cohort, measured responses to 46,898 meals, and found high variability in the response to identical meals, suggesting that universal dietary recommendations may have limited utility. We devised a machine-learning algorithm that integrates blood parameters, dietary habits, anthropometrics, physical activity, and gut microbiota measured in this cohort and showed that it accurately predicts personalized postprandial glycemic response to real-life meals. We validated these predictions in an independent 100-person cohort. Finally, a blinded randomized controlled dietary intervention based on this algorithm resulted in significantly lower postprandial responses and consistent alterations to gut microbiota configuration. Together, our results suggest that personalized diets may successfully modify elevated postprandial blood glucose and its metabolic consequences.	WEIZMANN INSTITUE OF SCIENCE	PNP	PNP
PRJDB4176	DRP004793	metagenomic data from human fecal samples	Total microbial community DNA was isolated from the fecal samples of Japanese patients who underwent colonoscopy at National Cancer Research Center. The study population contains health, early and advanced cancer stages.	Tokyo Institute of Technology	human gut metagenome	human gut metagenome
PRJEB15371	ERP017091	The gut microbiome in Crohn's disease and modulation by exclusive enteral nutrition	AbstractBackgroundInflammatory bowel diseases (IBD), with Crohnâs disease (CD) being one of the primary types, have been extensively studied for genetic and gut microbial factors leading to its epidemic in the modern world. However, limited information using metagenomic shotgun-sequencing to pinpoint the gut microbial species and functions involved. Exclusive enteral nutrition (EEN) is a nutritional therapy used for disease-modifying treatment of CD, but its impact on the gut microbiome remains unclear. ResultsWe collected 123 stool samples from 49 CD patients, 14 of whom were resampled after 2 weeks of EEN, and 56 subjects with no disease. Metagenomic shotgun sequencing and analyses confirmed a decreased diversity in the gut microbiota of CD patients, and identified microbial species and potential functions altered in CD, most notably an increased ratio of hexa- to penta-acylated lipopolysaccharide (LPS). Some co-abundance gene groups (CAGs) including Parabacteroides distasonis, Bacteroides intestinalis, Ruminococcus sp. showed strong correlation with clinical indicators such as hs.CRP, Prealbumin, platelets and BMI. The entire cohort could be divided into three types according to their species composition, with Type A largely consisting of healthy controls and Type C containing exclusively CD or after EEN samples. Although compositional changes were generally mild after 2 weeks of EEN, remodeling of the gut microbial network could be observed.ConclusionsOur metagenomic dataset unlock the gut microbiome in CD for functional investigations. Microbiome-based stratification of CD patients before EEN might help optimize the therapy for wider applications.	Beijing Genome Institute;BGI	123CD-metagenomics	123CD-metagenomics
PRJEB12449	ERP013933	Reproducibility of associations between the human gut microbiome and colorectal cancer assessed in a patient population from Washington, DC, USA	Accumulating evidence indicates that the gut microbiota affects colorectal cancer development, but previous studies have varied in population, technical methods, and associations with cancer. Understanding these variations is needed for comparisons and for potential pooling across studies. Therefore, we performed whole-genome shotgun metagenomics sequencing on fecal samples from 52 pre-treatment colorectal cancer cases and 52 matched controls from Washington, DC. We compared findings from a previous 16S rRNA study to the metagenomics-derived taxonomy within the same population. In addition, metagenome-predicted genes, modules, and pathways in the Washington, DC cases and controls were compared to cases and controls recruited in France whose specimens were processed using the same platform. Associations between the presence of fecal Fusobacteria, Fusobacterium, and Porphyromonas with colorectal cancer detected by 16S rRNA were reproduced by metagenomics, whereas higher relative abundance of Clostridia in cancer cases based on 16S rRNA was merely borderline based on metagenomics. Considering significant cancer associations with the relative abundance of genes, modules, and pathways in the French population, statistically significant associations in the Washington, DC population were detected for four out of 10 genes, three out of nine modules, and seven out of 17 pathways. In conclusion, metagenomic sequencing results reproduced most, but not all of the major taxonomic associations with colorectal cancer previously observed from 16S rRNA profiles. In addition, colorectal cancer in the Washington, DC study was associated with 39% of the metagenome-predicted genes, modules, and pathways identified from the French study. More within and between population comparisons are needed to identify sources of variation and disease associations that can be reproduced despite these variations. Future studies must have larger sample sizes or pool data across studies to have sufficient power to detect associations that are reproducible and significant after correction for multiple testing.	European Molecular Biology Laboratory;EMBL	Colorectal cancer and the human gut microbiome	Colorectal cancer and the human gut microbiome
PRJEB1220	ERP002061	A method for identifying metagenomic species and variable genetic elements by exhaustive co-abundance binning	The microbial diversity of environments like the human gut extends far beyond what is covered by reference genomes. Here we present a method for exhaustive and unsupervised co-abundance gene binning across a series of highly complex metagenomic samples. As the method does not rely on previously sequenced reference genomes it allows for discovery of new species, viruses and clonal heterogeneity. We demonstrate the method on human gut microbiome data and identify 7,381 co-abundance gene groups (CAGs) ranging in size from 3 to 6,319 genes. The CAGs represent a wide variety of biological entities including microbial genomes, phages and clonal differences. We name the 741 largest of these metagenomic species (MGS), because they correspond to microbial species. In addition, we establish microbial host affiliations by dependency-associations for many small CAGs. Longitudinal sampling in the same individuals indicates that some of these dependency-associations are important for the persistence of their microbial host	BGI		
PRJEB10878	ERP012177	Metagenomic analysis of fecal microbiome as a tool towards targeted non-invasive biomarkers for colorectal cancer	We performed a metagenome-wide association study on fecal samples from 74 CRC patients and 54 controls from China and validated the results in 16 patients and 24 controls from Denmark. We further validated the biomarkers in two published cohorts from France and Austria. Finally, we employed targeted quantitative PCR (qPCR) assays to evaluate the diagnostic potential of selected biomarkers in an independent Chinese cohort of 47 patients and 109 controls.	Beijing Genome Institute;BGI	Metagenomic analysis of fecal microbiome as a tool towards targeted non-invasive biomarkers for colorectal cancer	Metagenomic analysis of fecal microbiome as a tool towards targeted non-invasive biomarkers for colorectal cancer
PRJEB22283	ERP103961	EMG produced TPA metagenomics assembly of the Human Microbiome Project (HMP) Metagenomic WGS Projects, deeper sequencing of the human microbiome samples: Production Phase (human metagenome) data set	The human metagenome Third Party Annotation (TPA) assembly was derived from the primary whole genome shotgun (WGS) data set,(PRJNA48479). This project includes samples from the following biomes : Fecal,Oral,Attached Keratinized gingiva,buccal mucosa,hard palate,Palatine tonsils,Saliva,Subgingival plaque,Supragingival plaque,Throat,Introitus,Midpoint vagina,posterior fornix,anterior nares,retroauricular crease.	EMG;EMBL-EBI	human metagenome metagenomic assembly	human metagenome metagenomic assembly
PRJEB22360	ERP104039	EMG produced TPA metagenomics assembly of the Dynamics and Stabilization of the Human Gut Microbiome during the First Year of Life (InfantGut) data set	The InfantGut Third Party Annotation (TPA) assembly was derived from the primary whole genome shotgun (WGS) data set PRJEB6456. This project includes samples from the following biomes : Human gut.	EMG;EMBL-EBI	InfantGut metagenomic assembly	InfantGut metagenomic assembly
PRJEB22519	ERP104200	EMG produced TPA metagenomics assembly of the Roux-en-Y gastric bypass surgery of morbidly obese patients shows swift and persistent changes of the individual gut microbiota (GBP) data set	The GBP Third Party Annotation (TPA) assembly was derived from the primary whole genome shotgun (WGS) data set PRJEB12947. This project includes samples from the following biomes : Human gut.	EMG;EMBL-EBI	GBP metagenomic assembly	GBP metagenomic assembly
PRJEB31567	ERP114138	DMAP based habitat-specific metagenomic gene catalogs, http://www.cbrc.kaust.edu.sa/dmap	Samples from several public ENA shotgun metagenomic studies were collected and assembled to predict full length genes. Gene from each habitat were clustered to produce a non-redundant gene catalog. Gene catalogs were annotated for taxonomic and extended gene function information (KO, GO, InterPro, Enzyme, eggNOG, Pathways, Industrial Proteins, Bioactive genes) using Annotation module of Dragon Metagenomic Analysis Platform (DMAP) as Gene Information Tables (GITs). These GITs are useful for data exchange and analysis across different metagenomic analysis platforms and also machine learning or Artificial Intelligence towards monitoring different ecological or host specific environments. To enable access for larger scientific community in order to search, browse or compare samples and gene catalogs, these GITs are indexed using Solr Lucene and are available through http://www.cbrc.kaust.edu.sa/dmap	CBRC, Computational Bioscience Research Center, KAUST	Habitat-specific Metagenomic Gene Catalogs	Habitat-specific Metagenomic Gene Catalogs
PRJEB25190	ERP107085	EMG produced TPA metagenomics assembly of the Gut microbiome development along the colorectal adenoma-carcinoma sequence (AT_CRC) data set.	The AT_CRC Third Party Annotation (TPA) assembly was derived from the primary whole genome shotgun (WGS) data set: PRJEB7774. This project includes samples from the following biomes: Host-associated, Human, Digestive system, Large intestine, Fecal.	EMG;EMBL-EBI		
PRJEB43271	ERP127220	EMG produced TPA metagenomics assembly of PRJNA328899 data set (Mongolian Metagenome).	The Third Party Annotation (TPA) assembly was derived from the primary whole genome shotgun (WGS) data set PRJNA328899, and was assembled with unknown v0.0. This project includes samples from the following biomes: root:Host-associated:Human:Digestive system:Large intestine:Fecal.	EMG		
PRJEB41718	ERP125543	EMG produced TPA metagenomics assembly of PRJEB6070 data set (Potential of fecal microbiota for early stage detection of colorectal cancer).	The Third Party Annotation (TPA) assembly was derived from the primary whole genome shotgun (WGS) data set PRJEB6070, and was assembled with SPAdes v3.14.1, metaSPAdes v3.14.1. This project includes samples from the following biomes: root:Host-associated:Human:Digestive system:Large intestine:Fecal.	EMG		
PRJEB24748	ERP106599	EMG produced TPA metagenomics assembly of the Metagenomic analysis of fecal microbiome as a tool towards targeted non-invasive biomarkers for colorectal cancer (Metagenomic analysis of fecal microbiome as a tool towards targeted non-invasive biomarkers for colorectal cancer) data set.	The Metagenomic analysis of fecal microbiome as a tool towards targeted non-invasive biomarkers for colorectal cancer Third Party Annotation (TPA) assembly was derived from the primary whole genome shotgun (WGS) data set: PRJEB10878. This project includes samples from the following biomes: Host-associated, Human, Digestive system, Large intestine, Fecal.	EMG;EMBL-EBI		
PRJEB33728	ERP116544	EMG produced TPA metagenomics assembly of the PRJNA275349 data set (Human Microbiome Environment Metagenome).	The Third Party Annotation (TPA) assembly was derived from the primary whole genome shotgun (WGS) data set: PRJNA275349. This project includes samples from the following biomes: root:Host-associated:Human.	EMG		
PRJEB61255	ERP146353	EMG produced TPA metagenomics assembly of PRJNA834801 data set (Characterizing dysbiosis of the Parkinson's disease gut microbiome using shotgun metagenomics).	The Third Party Annotation (TPA) assembly was derived from the primary whole genome shotgun (WGS) data set PRJNA834801, and was assembled with metaspades v3.15.3. This project includes samples from the following biomes: root:Host-associated:Human:Digestive system:Large intestine:Fecal.	EMG		
PRJEB26926	ERP108957	EMG produced TPA metagenomics assembly of the Human gut metagenome and metatranscriptome raw sequence reads. (256318) data set.	The 256318 Third Party Annotation (TPA) assembly was derived from the primary whole genome shotgun (WGS) data set: PRJNA354235. This project includes samples from the following biomes: Host-associated, Human, Digestive system, Large intestine, Fecal.	EMG		
PRJEB31778	ERP114377	EMG produced TPA metagenomics assembly of the PRJEB9576 data set (Shotgun Metagenomics of 250 Adult Twins Reveals Genetic and Environmental Impacts on the Gut Microbiome).	The Third Party Annotation (TPA) assembly was derived from the primary whole genome shotgun (WGS) data set: PRJEB9576. This project includes samples from the following biomes: root:Host-associated:Human:Digestive system:Large intestine:Fecal.	EMG		
PRJEB43961	ERP127951	EMG produced TPA metagenomics assembly of PRJEB1690 data set (This is a metagenomic study to investigate the microbial community and metabolic functions of Korean twin pairs.).	The Third Party Annotation (TPA) assembly was derived from the primary whole genome shotgun (WGS) data set PRJEB1690, and was assembled with metaSPAdes v3.13.0. This project includes samples from the following biomes: root:Host-associated:Human:Digestive system:Large intestine:Fecal.	EMG		
PRJEB60911	ERP145986	EMG produced TPA metagenomics assembly of PRJNA340216 data set (Gut microbiota and metagenomic diversity of omnivore, vegetarian and vegan healthy subjects).	The Third Party Annotation (TPA) assembly was derived from the primary whole genome shotgun (WGS) data set PRJNA340216, and was assembled with megahit v1.2.9. This project includes samples from the following biomes: root:Host-associated:Human:Digestive system:Large intestine:Fecal.	EMG		
PRJEB33269	ERP116046	EMG produced TPA metagenomics assembly of the PRJEB27005 data set (Gut metagenomes of rural populations in Cameroon).	The Third Party Annotation (TPA) assembly was derived from the primary whole genome shotgun (WGS) data set: PRJEB27005. This project includes samples from the following biomes: root:Host-associated:Human:Digestive system:Large intestine:Fecal.	EMG		
PRJEB25962	ERP107929	EMG produced TPA metagenomics assembly of the A method for identifying metagenomic species and variable genetic elements by exhaustive co-abundance binning () data set.	The Third Party Annotation (TPA) assembly was derived from the primary whole genome shotgun (WGS) data set: PRJEB1220. This project includes samples from the following biomes: Host-associated, Human, Digestive system, Large intestine, Fecal.	EMG		
PRJEB32232	ERP114883	EMG produced TPA metagenomics assembly of the PRJNA392180 data set (Seasonal Cycling in the Gut Microbiome of the Hadza Hunter-Gatherers of Tanzania).	The Third Party Annotation (TPA) assembly was derived from the primary whole genome shotgun (WGS) data set: PRJNA392180. This project includes samples from the following biomes: root:Host-associated:Human:Digestive system:Large intestine.	EMG		
PRJEB45348	ERP129442	EMG produced TPA metagenomics assembly of PRJNA447983 data set (Whole-metagenome shotgun sequencing of two Italian fecal CRC cohorts).	The Third Party Annotation (TPA) assembly was derived from the primary whole genome shotgun (WGS) data set PRJNA447983, and was assembled with metaSPAdes v3.13.0. This project includes samples from the following biomes: root:Host-associated:Human:Digestive system:Large intestine:Fecal.	EMG		
PRJEB61403	ERP146487	De-novo assemblies of mcr sequencing datasets	De-novo assemblies of 869 sequencing runs that contained reads matching reference sequences for the mobilized colistin resistance (mcr) genes, specifically mcr-1 to mcr-9. These assemblies were then used to study the genomic background of the mcr genes to investigate where and when they have been mobilized across different contexts.	Centre for Genomic Epidemiology;National Food Institute;Technical University of Denmark (DTU);Denmark;DTU-GE	De-novo assemblies of mcr sequencing datasets	De-novo assemblies of mcr sequencing datasets
PRJEB24529	ERP106359	EMG produced TPA metagenomics assembly of the Liver cirrhosis occurs as a consequence of many chronic liver diseases that are prevalent worldwide. Previous studies have shown an association between the gut microbiota and liver complications such as cirrhosis and other liver injuries. We therefore undertook a whole gut microbiome wide association study of stool samples from 98 liver cirrhosis patients and 83 healthy controls to characterise the faecal microbial communities and their functional composition. In total, we generated 860 Gb of high-quality sequence data and built a reference gene set for the liver cirrhosis cohort containing 2.69 million genes, 36.1% of which was not covered by previously published gene catalogues. (Mgwas study of LC) data set.	The Mgwas study of LC Third Party Annotation (TPA) assembly was derived from the primary whole genome shotgun (WGS) data set: PRJEB6337. This project includes samples from the following biomes: Host-associated, Human, Digestive system, Large intestine, Fecal.	EMG;EMBL-EBI		
PRJEB24766	ERP106618	EMG produced TPA metagenomics assembly of the Reproducibility of associations between the human gut microbiome and colorectal cancer assessed in a patient population from Washington, DC, USA (Colorectal cancer and the human gut microbiome) data set.	The Colorectal cancer and the human gut microbiome Third Party Annotation (TPA) assembly was derived from the primary whole genome shotgun (WGS) data set: PRJEB12449. This project includes samples from the following biomes: Host-associated, Human, Digestive system, Large intestine, Fecal.	EMG;EMBL-EBI		
PRJEB27122	ERP109164	EMG produced TPA metagenomics assembly of the The gut microbiome in Crohn's disease and modulation by exclusive enteral nutrition (123CD-metagenomics) data set.	The 123CD-metagenomics Third Party Annotation (TPA) assembly was derived from the primary whole genome shotgun (WGS) data set: PRJEB15371. This project includes samples from the following biomes: Host-associated, Human, Digestive system, Large intestine, Fecal.	EMG		
PRJEB28543	ERP110753	Gut microbiome of treatment-naÃ¯ve MS patients of different ethnicities early in disease course.	Although the intestinal microbiome has been increasingly implicated in autoimmune diseases, much is unknown about its roles in Multiple Sclerosis (MS). Our aim was to compare the microbiome between treatment-naÃ¯ve MS subjects early in their disease course and controls, and between Caucasian (CA), Hispanic (HA), and African American (AA) MS subjects. From fecal samples, we performed 16S rRNA V4 sequencing and analysis from 45 MS subjects (15 CA, 16 HA, 14 AA) and 44 matched healthy controls, and whole metagenomic shotgun sequencing from 24 MS subjects (all newly diagnosed, treatment naÃ¯ve, and steroid-free) and 24 controls. In all three ethnic groups, there was an increased relative abundance of the same single genus, Clostridium, compared to ethnicity-matched controls. Analysis of microbiota networks showed significantly different characteristics between the combined MS cohorts and controls, suggesting global differences not restricted to individual taxa. Metagenomic analysis revealed significant enrichment of individual species within Clostridia as well as particular functional pathways in the MS subjects. The increased relative abundance of Clostridia in all three early MS cohorts compared to controls confirmed by metagenomic analyses provides candidate taxa for further study as biomarkers or agents in MS.	NEW YORK UNIVERSITY SCHOOL OF MEDICINE	MS-WMS	MS-WMS
PRJEB37358	ERP120667	Recovery of novel prokaryotic genomes associated with metabolic diseases such as T2D and T2D-related comorbidities	Metabolic diseases such as type 2 diabetes (T2D) and T2D-related comorbidities (eg. obesity, metabolic syndrome, pre-diabetes and impaired glucose tolerance) are major public health issues worldwide. Recent experiments in animal and human studies have generated growing evidence for the association of gut microbiome and development of these diseases. Using next generation sequencing, large amounts of metagenomic data have been generated from T2D and control subjects. However, the disease-associated prokaryotic repertoire of the human gut microbiota is still undefined. Here we identified 389 uncultured novel prokaryotic species, including 388 bacteria and 1 archaea, by reconstructing 95871 metagenome-assembled genomes (MAGs) from 5814 disease-associated human gut microbiomes and de-replicating the MAGs against a comprehensive human gut library (ERP108418). Amongst these uncultured genomes, 302 are novel species and 87 are related to known species but have never been found in the human gut before. Our work expands the knowledge of the diversity of uncultured human gut bacteria associated with metabolic diseases, and can be used as a valuable reference library to help improve the species detection in future disease-associated metagenomics studies.	EMG	Uncultured novel prokaryotic genomes associated with metabolic diseases such as T2D and T2D-related comorbidities	Uncultured novel prokaryotic genomes associated with metabolic diseases such as T2D and T2D-related comorbidities
PRJEB29015	ERP111281	EMG produced TPA metagenomics assembly of the Gut and Oral Microbiome Dysbiosis in Rheumatoid Arthritis (RA) data set.	The RA Third Party Annotation (TPA) assembly was derived from the primary whole genome shotgun (WGS) data set: PRJEB6997. This project includes samples from the following biomes: Host-associated, Human, Digestive system.	EMG		
PRJEB42213	ERP126051	EMG produced TPA metagenomics assembly of PRJNA389280 data set (Human gut metagenome and metatranscriptome in the inflammatory bowel disease (iHMP/HMP2)).	The Third Party Annotation (TPA) assembly was derived from the primary whole genome shotgun (WGS) data set PRJNA389280, and was assembled with metaSPAdes v3.14.1. This project includes samples from the following biomes: root:Host-associated:Human:Digestive system:Large intestine:Fecal.	EMG		
PRJEB33013	ERP115766	Human gut microbiome	whole metagenomic sequencing for human gut microbiome.	HANYANG UNIVERSITY	Human gut microbiome	Human gut microbiome
PRJEB28545	ERP110757	Meta cooperation project of guangdong provincial hospital of traditional Chinese medicine	Ankylosing spondylitis is a disease that is still hard to cure. It is often found in teenagers and has a great impact on their image and life. The differences between gut microbes and healthy people in Ankylosing Spondylitis patients have been analyzed based on data and some individualized analyses.	CNGB	Meta cooperation project of guangdong provincial hospital of traditional Chinese medicine	Meta cooperation project of guangdong provincial hospital of traditional Chinese medicine
PRJEB33766	ERP116584	EMG produced TPA metagenomics assembly of the PRJNA485056 data set (Metagenomic sequencing of stool samples from rural communities from north-eastern Madagascar).	The Third Party Annotation (TPA) assembly was derived from the primary whole genome shotgun (WGS) data set: PRJNA485056. This project includes samples from the following biomes: root:Host-associated:Human:Digestive system:Large intestine:Fecal.	EMG		
PRJEB22893	ERP104610	Gut microbiome impacts response to PD-1 immunotherapy in melanoma patients	Pre-clinical mouse models have suggested that the gut microbiome modulates tumor response to checkpoint blockade immunotherapy, however this has not been well-characterized in human cancer patients. Here we examined the oral and gut microbiome of melanoma patients undergoing PD-1 blockade immunotherapy (n=112). Significant differences were observed in the diversity and composition of the patient gut microbiome of responders (R) versus non-responders (NR). Analysis of patient fecal microbiome samples (n=43, 30R, 13NR) showed significantly higher alpha diversity (p<0.01) and relative abundance of Ruminococcaceae bacteria (p<0.01) in R. Metagenomic studies revealed functional differences in gut bacteria in R including enrichment of anabolic pathways. Immune profiling found enhanced systemic and anti-tumor immunity in responding patients with a favorable gut microbiome, as well as in germ-free mice receiving fecal transplants from responding patients. Together, these data have important implications for treatment with immune checkpoint blockade in melanoma.	MD ANDERSON CANCER CENTER		
PRJEB27005	ERP109040	Gut metagenomes of rural populations in Cameroon	In order to examine how the subsistence mode affects the human gut microbiome, we analyzed faecal metagenomes of 58 healthy adults from Cameroon (hunter-gatherers, farmers and fishers).Our aim is to describe taxonomical and functional diversity, as well as to unveil the interactions between the eukaryotic and prokaryotic componenet of the gut microbiome.	ALFRED WEGENER INSTITUTE FOR POLAR AND MARINE RESE	Cameroonian gut metagenomes	Cameroonian gut metagenomes
PRJEB39223	ERP122716	Microbiome connections with host metabolism and habitual diet from the PREDICT 1 metagenomic study	Study aimed to find associations between microbiome composition and habitual diet, cardiometabolic markers, and postprandial blood markers	University of Trento		
PRJEB4336	ERP003612	Richness of human gut microbiome correlates with metabolic markers	We are facing a global metabolic health crisis provoked by an obesity epidemic. Here we report the human gut microbial composition in a population sample of 123 non-obese and 169 obese Danish individuals. We find two groups of individuals that differ by the number of gut microbial genes and thus gut bacterial richness. They harbour known and previously unknown bacterial species at different proportions individuals with a low bacterial richness (23% of the population) are characterized by more marked overall adiposity, insulin resistance and dyslipidaemia and a more pronounced inflammatory phenotype when compared with high bacterial richness individuals. The obese individuals among the former also gain more weight over time. Only a few bacterial species are sufficient to distinguish between individuals with high and low bacterial richness, and even between lean and obese. Our classifications based on variation in the gut microbiome identify subsets of individuals in the general white adult population who may be at increased risk of progressing to adiposity-associated co-morbidities.	Beijing Genome Institute;BGI	MetaHIT-Richness	MetaHIT-Richness
PRJEB6337	ERP005860	Liver cirrhosis occurs as a consequence of many chronic liver diseases that are prevalent worldwide. Previous studies have shown an association between the gut microbiota and liver complications such as cirrhosis and other liver injuries. We therefore undertook a whole gut microbiome wide association study of stool samples from 98 liver cirrhosis patients and 83 healthy controls to characterise the faecal microbial communities and their functional composition. In total, we generated 860 Gb of high-quality sequence data and built a reference gene set for the liver cirrhosis cohort containing 2.69 million genes, 36.1% of which was not covered by previously published gene catalogues.	Liver cirrhosis occurs as a consequence of many chronic liver diseases that are prevalent worldwide. Previous studies have shown an association between the gut microbiota and liver complications such as cirrhosis and other liver injuries. We therefore undertook a whole gut microbiome wide association study of stool samples from 98 liver cirrhosis patients and 83 healthy controls to characterise the faecal microbial communities and their functional composition. In total, we generated 860 Gb of high-quality sequence data and built a reference gene set for the liver cirrhosis cohort containing 2.69 million genes, 36.1% of which was not covered by previously published gene catalogues.	the first affiliated hospital;zheng zhou university.;ZHEJIANG UNIVERSITY;HANGZHOU;P. R. CHINA	Mgwas study of LC	Mgwas study of LC
PRJEB6070	ERP005534	Potential of fecal microbiota for early stage detection of colorectal cancer	Several bacterial species have been implicated in the development of colorectal carcinoma (CRC), but CRC-associated changes of fecal microbiota and their potential for cancer screening remain to be explored. Here we used metagenomic sequencing of fecal samples to identify taxonomic markers that distinguished CRC patients from tumor-free controls in a study population of 156 participants. Accuracy of metagenomic CRC detection was similar to the standard fecal occult blood test (FOBT) and when both approaches were combined, sensitivity improved >45% relative to the FOBT while maintaining its specificity. Accuracy of metagenomic CRC detection did not differ significantly between early and late-stage cancer and could be validated in independent patient and control populations (N=335) from different countries. CRC-associated changes in the fecal microbiome at least partially reflected microbial community composition at the tumor itself, indicating that observed gene pool differences may reveal tumor-related host-microbe interactions. Indeed, we deduced a metabolic shift from fiber degradation in controls to utilization of host carbohydrates and amino acids in CRC patients accompanied by an increase of lipopolysaccharide metabolism.	EMBL - Germany	Colorectal cancer detection from fecal microbiota	Colorectal cancer detection from fecal microbiota
PRJEB98589	ERP180971	Metagenome assembly of PRJNA447983 data set (Whole-metagenome shotgun sequencing of two Italian fecal CRC cohorts)	The Third Party Annotation (TPA) assembly was derived from the primary data set PRJNA447983	EMG		
PRJEB98859	ERP181216	Metagenome assembly of PRJDB4176 data set (metagenomic data from human fecal samples)	The Third Party Annotation (TPA) assembly was derived from the primary data set PRJDB4176	EMG		
PRJNA395744	SRP113554	Whole-Grain rich diet cross-over study	To investigate whether a wholegrain diet alters the gut microbiome and insulin sensitivity, as well as biomarkers of metabolic health and gut functionality.	Technical University of Denmark		
PRJNA421881	SRP126540	human gut metagenome Metagenome	human gut metagenome of vegetarians, vegans and omnivores	University of Naples Federico II	human gut metagenome	human gut metagenome
PRJNA48477	SRP003830;SRP002012	Human Microbiome Project (HMP) Metagenomic WGS Projects, deeper sequencing of the human microbiome samples: Clinical Pilot	The HMP metagenomes clinical pilot represents the shotgun sequencing of metagenomic DNA extracted from anonymized stool samples for testing and evaluation of the sequencing protocol.	NIH Human Microbiome Consortium	human metagenome	human metagenome
PRJNA50563	SRP002860	Human Microbiome Project (HMP) 16S rRNA Gene Diversity, the diversity of 16S ribosomal RNA genes in the human microbiome: 454 Clinical Production Phase II	This HMP production phase represents pyrosequencing of 16S rRNA genes amplified from multiple body sites across hundreds of human subjects. In combination with Clinical Production Phase I (48333), this dataset represents samples derived from 300 healthy subjects, of which 200 were sampled at two time points and 100 were sampled at three time points. Using default protocol v4.2 data for 16S window spanning V3-V5 was generated for all samples, with a second 16S window spanning V1-V3 generated for a majority of the samples. 16S rRNA sequencing is being used to characterize the complexity of microbial communities at individual body sites, and to determine whether there is a core microbiome at each site. Several body sites will be studied, including the gastrointestinal and female urogenital tracts, oral cavity, nasal and pharyngeal tract, and skin.	NIH Human Microbiome Consortium	human metagenome	human metagenome
PRJNA588805	SRP229465	Gut microbiome changes after bariatric surgery	To determine gut bacterial and predicted functional changes following randomisation to RYGB or SG bariatric surgery	University of Auckland		
PRJNA340216	SRP083099	Gut microbiota and metagenomic diversity of omnivore, vegetarian and vegan healthy subjects	Gut microbiota and metagenomic diversity of omnivore, vegetarian and vegan healthy subjects	University of Turin	human gut metagenome	human gut metagenome
PRJNA48333	SRP002395	Human Microbiome Project (HMP) 16S rRNA Gene Diversity, the diversity of 16S ribosomal RNA genes in the human microbiome: 454 Clinical Production Phase I	This HMP production phase represents pyrosequencing of 16S rRNA genes amplified from multiple body sites across hundreds of human subjects. There are two time points represented for a subset of these subjects. Using default protocol v4.2., data for the 16S window spanning V3-V5 was generated for all samples, with a second 16S window spanning V1-V3 generated for a majority of the samples. 16S rRNA sequencing is being used to characterize the complexity of microbial communities at individual body sites, and to determine whether there is a core microbiome at each site. Several body sites will be studied, including the gastrointestinal and female urogenital tracts, oral cavity, nasal and pharyngeal tract, and skin.	NIH Human Microbiome Consortium	human metagenome	human metagenome
PRJNA510571	SRP175119	uncultured crAssphage global survey	We investigate the origin, evolution, and epidemiology of crAssphage, a widespread human gut virus. Through a global collaboratory, we obtained DNA sequences of crAssphage from over one-third of the worldâs countries, showing that its phylogeography is locally clustered within countries, cities, and individuals. We also found colinear crAssphage-like genomes in both Old-World and New-World primates, challenging genomic mosaicism and suggesting that the association of crAssphage with primates may be millions of years old. We conclude that crAssphage is a benign globetrotter virus that may have co-evolved with the human lineage and an integral part of the normal human gut virome.	San Diego State University	uncultured crAssphage	uncultured crAssphage
PRJNA602729	SRP266710	Ecological and evolutionary alteration in the GD intestinal microbiome part01	Ecological and evolutionary alteration in the intestinal microbiome of GD patients	Hainan university	Feces metagenome	Feces metagenome
PRJNA602731	SRP266744	Ecological and evolutionary alteration in the GD intestinal microbiome part02	Ecological and evolutionary alteration in the GD intestinal microbiome	Hainan university	Feces metagenome	Feces metagenome
PRJNA529124	SRP189572	Metagenomic sequencing of stool samples from Ghanaian individuals	Stool samples of a cohort of individuals from Ghana (Asante Akim North district). Samples were sequenced with Illumina HiSeq 2500 using NexteraXT library preparation.	Polo Scientifico e Tecnologico Fabio Ferrari	human gut metagenome	human gut metagenome
PRJNA384246	SRP193874	Studies of metagenomes of inflammatory bowel disease patient receiving vedolizamub therapy	Studies of metagenomes of inflammatory bowel disease patient receiving vedolizamub therapy	Broad Institute of MIT and Harvard	human gut metagenome	human gut metagenome
PRJNA529400	SRP189832	Homo sapiens Metagenome	Stool samples of a cohort of individuals from Tanzania (Korogwe District). Samples weresequenced with Illumina HiSeq 2500 using NexteraXT library preparation.	Polo Scientifico e Tecnologico Fabio Ferrari	Homo sapiens	Homo sapiens
PRJEB9576	ERP010700	Shotgun Metagenomics of 250 Adult Twins Reveals Genetic and Environmental Impacts on the Gut Microbiome	The gut microbiota has been typically viewed as an environmental factor for human health. Twins are well suited for investigating the concordance of their gut microbiomes and decomposing genetic and environmental influences. However, existing twin studies utilizing metagenomic shotgun sequencing have included only a few samples. Here, we sequenced fecal samples from 250 adult twins in the TwinsUK registry and constructed a comprehensive gut microbial reference gene catalog. We demonstrate heritability of many microbial taxa and functional modules in the gut microbiome, including those associated with diseases. Moreover, we identified 8 million SNPs in the gut microbiome and observe a high similarity in microbiome SNPs between twins that slowly decreases after decades of living apart. The results shed new light on the genetic and environmental influences on the composition and function of the gut microbiome that could relate to risk of complex diseases.	Beijing Genome Institute;BGI	KCL_twins	KCL_twins
PRJNA530971	SRP190865	Gut microbiota-bile acid-interleukin 22 axis orchestrates polycystic ovary syndrome	gut microbiota of PCOS patients and healthy individuals	School of Basic Medical Sciences, Peking University		
PRJNA429990	SRP131166	human gut metagenome Raw sequence reads	Diet-microbiota-metabolite interaction networks reveal key players in inflammatory bowel disease	Nanfang Hospital, Southern Medical University	human gut metagenome	human gut metagenome
PRJNA328899	SRP080787	Mongolian Metagenome	Mongolian Metagenome	Hainan university	human gut metagenome	human gut metagenome
PRJNA319574	SRP095580	Gut microbial interactions with the inflammatory cytokine production capacity	As part of the 500 Functional Genomics (500FG) project, stool samples from 471 healthy adults were subjected to metagenomic shotgun sequencing (one time point per individual). Concurrently, blood samples were collected from each individual and the cytokine production was measured in response to bacterial and fungal stimulations. Significant inter-individual variation was observed in the gut microbial profiles as well as the immunological profiles. Subsequent association testing showed that microbiome-host interactions modulate the inflammatory cytokine production capacity in healthy individuals.	The Broad Institute	unidentified	unidentified
PRJNA485056	SRP156699	Metagenomic sequencing of stool samples from rural communities from north-eastern Madagascar	Stool samples from 112 individuals (two villages) in two rural communities of north-eastern Madagascar. Samples were collected by the Madagascar Health and Environmental Research (MAHERY) initiative between 2013 and 2014, and sequenced with Illumina HiSeq 2500.	University of Trento		
PRJNA392180	SRP110665	Seasonal Cycling in the Gut Microbiome of the Hadza Hunter-Gatherers of Tanzania	Seasonal Cycling in the Gut Microbiome of the Hadza Hunter-Gatherers of Tanzania	Stanford University		
PRJNA447983	SRP136711	Whole-metagenome shotgun sequencing of two Italian fecal CRC cohorts	We used state-of-the-art whole-metagenome shotgun sequencing analysis methods to uniformly quantify taxonomic and functional abundance in fecal CRC metagenomes from 140 participants recruited in two new Italian cohorts.	AC Camargo Cancer Center		
PRJNA504891	SRP168387	Metagenomic sequencing of stool samples from Ethiopian individuals	Stool samples from a cohort of individuals in Gimbichu (Ethiopia, Oromia Region). Samples were sequenced with Illumina HiSeq 2500 using NexteraXT library preparation.	University of Trento		
PRJNA475246	SRP150069	Strain-level identification of mother-to-child bacterial transmission during the first few months of life	Bacterial community acquisition in the infant gut impacts immune education and disease susceptibility. We compared bacterial strains across and within families in a prospective birth cohort of 44 infants and their mothers, sampled longitudinally in the first months of each childâs life. We identified mother-to-child microbial transmission events and describe the incidence of family-specific antibiotic resistance genes. Across multiple species, we identified two inheritance patterns, where often the motherâs dominant strain is transmitted to the child, but occasionally her minor strains colonize the infant gut. We observed both inheritance patterns for Bacteroides uniformis strains. In families where the minor strain was inherited, we identified a starch utilization gene cluster that was absent in the motherâs dominant strain, suggesting the selective advantage of her minor strain in the infant gut. Our findings reveal mother-to-child bacterial transmission events at high-resolution and give insights into early colonization of the infant gut.	Broad Institute of MIT and Harvard		
PRJNA275349	SRP056641	Human Microbiome Environment Metagenome	The samples within this Bioproject represent the third phase (Phase III) of metagenomic sequencing (whole genome shotgun (WGS) sequencing) of microbial communities from specimens collected as a part of the NIH-supported Human Microbiome Project (HMP Consortium A framework for human microbiome research. Nature. 2012 Jun 13 486(7402):215-21. doi: 10.1038/nature11209). The sample collection represents a unique reference resource of microbiome samples from healthy adults largely residing in the USA at the time of sample collection. In the HMP Phase III component the goal has been to supplement previous WGS sequencing by generating additional sequence from as many of the specimens in the HMP collection as possible that had not been sequenced in the previous HMP Phase I and Phase II sequencing. In Phase III, a focus was placed on six of the 18 body sites: Stool (gut), Buccal mucosa (oral), Supragingival plaque (oral), Tongue dorsum (oral), Anterior nares (nasal), Posterior fornix (vaginal) and the goal was to further capture as many of the longitudinal samples (second and third visits by the same individual) as possible. From genomic DNA extracted from the collected specimens, WGS sequence was produced from libraries constructed from using a NexteraXT library construction protocol. All libraries were sequenced using a 100bp paired end approach using the Illumina HiSeq 2000 platform.	JCVI	human metagenome	human metagenome
PRJEB6997	ERP006678	Gut and Oral Microbiome Dysbiosis in Rheumatoid Arthritis	Bacterial infection has long been implicated with rheumatoid arthritis (RA), but a systematic analysis of the probiotic and pathogenic microbiome in RA has been lacking. It is not clear whether and how the gut or oral microbial community is compositionally and functionally altered in RA, and whether and how the microbiota at different body sites overlap. Here we perform whole-genome shotgun sequencing for fecal, dental and salivary samples from a large cohort of RA patients, analyze metagenomic linkage groups to construct an RA classifier.	Beijing Genome Institute;BGI	RA	RA
PRJEB6456	ERP005989	Dynamics and Stabilization of the Human Gut Microbiome during the First Year of Life	The gastrointestinal tracts of mammalians are sterile in utero and colonized by microorganisms immediately after delivery. The subsequent development of the infant gut microbiota involves a complex succession of microbes, driven by factors such as gestational age, mode of delivery, antibiotic use, hygiene, geographical zone and type of feeding.	Beijing Genome Institute;BGI	InfantGut	InfantGut
PRJNA268964	SRP052307	Human Gut Microbiome Metagenome	Gut microbiome diversity	University of Oklahoma	human gut metagenome	human gut metagenome
PRJNA354235	SRP096283	Human gut metagenome and metatranscriptome raw sequence reads.	We conducted metagenomic and metatranscriptomic sequencing of the human gut microbiome among 308 participants enrolled in a subcohort of men nested within the Health Professionals Follow-up Study. Using a previously validated self-sampling stool collection method (PMID24843156), participants provided up to four stool samples â one set of samples collected approximately 48 hours apart followed by a second set approximately 6 months later. DNA extracted from 929 stool samples and RNA extracted from 378 stool samples was reverse-transcribed to cDNA and sequenced using the Illumina HiSeq platform. Raw data were filtered to remove low quality and human reads. Metagenomic and metatranscriptomic read data were then profiled for functional and taxonomic composition using the HUMAnN2 and MetaPhlAn2 platforms respectively.	Harvard School of Public Health	256318	256318
PRJNA389280	SRP115812	Human gut metagenome and metatranscriptome in the inflammatory bowel disease (iHMP/HMP2)	We examined the dynamics of microbiome functionality in Inflammatory bowel disease (IBD) by profiling metagenomic and metatranscriptomic sequencing of the human gut microbiome among 100 individuals sampled over a one year period. Here, we present the first results based on the functional analysis of 78 paired metagenomes/metatranscriptomes and 222 additional metagenomes.	Harvard T.H. Chan School of Public Health	human gut metagenome/metatranscriptome	human gut metagenome/metatranscriptome
PRJNA422434	SRP008047	A metagenome-wide association study of gut microbiota in type 2 diabetes.	Assessment and characterization of gut microbiota has become a major research area in human disease, including type 2 diabetes, the most prevalent endocrine disease worldwide. To carry out analysis on gut microbial content in patients with type 2 diabetes, we developed a protocol for a metagenome-wide association study (MGWAS) and undertook a two-stage MGWAS based on deep shotgun sequencing of the gut microbial DNA from 345 Chinese individuals. We identified and validated approximately 60,000 type-2-diabetes-associated markers and established the concept of a metagenomic linkage group, enabling taxonomic species-level analyses. MGWAS analysis showed that patients with type 2 diabetes were characterized by a moderate degree of gut microbial dysbiosis, a decrease in the abundance of some universal butyrate-producing bacteria and an increase in various opportunistic pathogens, as well as an enrichment of other microbial functions conferring sulphate reduction and oxidative stress resistance. An analysis of 23 additional individuals demonstrated that these gut microbial markers might be useful for classifying type 2 diabetes.	BGI	gut metagenome	gut metagenome
PRJEB7774	ERP008729	Gut microbiome development along the colorectal adenoma-carcinoma sequence	Colorectal cancer, a commonly diagnosed cancer in the elderly, often develops slowly from benign polyps called adenoma. The gut microbiota, with its critical roles in nutrient metabolism and immune modulation, is believed to be directly involved in colorectal carcinogenesis. The identity and functional capacity of the adenoma- or carcinoma-related gut microbe(s), however, have not been surveyed in a comprehensive manner. Here we perform metagenomewide association study (MGWAS) on stools from healthy controls, advanced adenoma and carcinoma patients, revealing gene markers from over 100 bacterial strains enriched in each group.	Beijing Genome Institute;BGI	AT_CRC	AT_CRC
PRJNA48479	SRP002163	Human Microbiome Project (HMP) Metagenomic WGS Projects, deeper sequencing of the human microbiome samples: Production Phase	The HMP metagenomes production phase represents the shotgun sequencing of metagenomic DNA extracted from samples taken from multiple body sites across hundreds of human subjects. Coupled with the other data generated during the HMP project, these results will provide insights into the genes and pathways present in the human microbiome. We are learning more and more about the ways that human health is influenced by the complex and dynamic communities of microbes (the human microbiota) present on and within our bodies. Disruptions in these communities may trigger or influence the course of various disease states. Preliminary studies have shown this to be the case for certain diseases. The Human Microbiome Project expands on these studies to better understand, prevent and treat many human diseases.	NIH Human Microbiome Consortium	human metagenome	human metagenome
PRJNA398089	SRP115494	Longitudinal Multiâomics of the Human Microbiome in Inflammatory Bowel Disease	The main Inflammatory Bowel Disease (IBD) Multi'omics Database (IBDMDB) study includes multiâomics measurements from over 100 subjects, sampled biweekly over up to a year in both adult and pediatric patients with IBD (Crohnâs disease and ulcerative colitis), along with non-IBD controls. Data types include fecal metagenomes, metatranscriptomes, metabolomes, and proteomes, as well as host genetics, intestinal biopsy transcriptomes, epigenetics, and 16S amplicon profiles. Subjectsâ medical histories and demographics are collected at baseline and medication, diet, and disease activity profiled longitudinally.	Harvard T.H. Chan School of Public Health	human metagenome	human metagenome
PRJNA690543	SRP300787	Human Gut Microbiomes from Burkina Faso	Fecal samples collected from individuals in Burkina Faso to study how the ecology of the gut microbiome changes with industrialization	University of Oklahoma		
PRJNA832909	SRP372633	Metagenomics of the fecal and salivary microbiome of pancreatic cancer patients	Metagenomics of the fecal and salivary microbiome of pancreatic cancer patients	Waseda University		
PRJNA602732	SRP266796	Ecological and evolutionary alteration in the GD intestinal microbiome part03	Ecological and evolutionary alteration in the GD intestinal microbiome	Hainan university	Feces metagenome	Feces metagenome
PRJNA638403	SRP266848	Ecological and evolutionary alteration in the GD intestinal microbiome part05 Metagenome	Ecological and evolutionary alteration in the GD intestinal microbiome part05	Hainan university	Ecological and evolutionary alteration in the GD intestinal microbiome part05	Ecological and evolutionary alteration in the GD intestinal microbiome part05
PRJNA638404	SRP266991	Ecological and evolutionary alteration in the GD intestinal microbiome part06 Metagenome	Ecological and evolutionary alteration in the GD intestinal microbiome part06	Hainan university	Ecological and evolutionary alteration in the GD intestinal microbiome part06	Ecological and evolutionary alteration in the GD intestinal microbiome part06
PRJNA638405	SRP267134	Ecological and evolutionary alteration in the GD intestinal microbiome part07 Metagenome	Ecological and evolutionary alteration in the GD intestinal microbiome part06	Hainan university	Ecological and evolutionary alteration in the GD intestinal microbiome part07	Ecological and evolutionary alteration in the GD intestinal microbiome part07
PRJNA665061	SRP285256	IDEO Microbiome Study	This project includes metagenomic sequencing of stool microbial communities of subjects living in the San Francisco Bay Area. Samples are either 16S-Seq of human stool, shotgun sequencing of human stool, or 16S-Seq of stool samples from gnotobiotic animals colonized with stool from the aforementioned subjects. This data corresponds to a manuscript that will be linked upon acceptance for publication. Finally, each sample is identified with metadata that is in part available as a supplemental table with the MS with identical sample descriptors used here in the SRA submission. This is the 16S Human Stool data.	University of California San Francisco		
PRJNA672125	SRP289701	Bugs and Bones	Study to look at the gut microbiomes of post-menopausal women with osteoporosis/osteopenia.	AgResearch		
PRJNA688274	SRP299564	Netherland Travelers	Understand effects of travel on the gut resistome.	Washington University in St. Louis School of Medicine		
PRJNA693850	SRP302794	Inference of association with the gut microbiota in stool, swab and mucosal tissue samples	In this study, we collected matched stool, rectal swab and mucosal tissue samples from 240 study participants at two time points, which resulted in 1,397 shotgun metagenomes. We estimated the biospecimen type variation of both metagenome taxonomy and functional pathways. We also assessed whether the associations between taxa/pathways and age, sex, body mass index (BMI), non-steroidal anti-inflammatory drugs (NSAIDs) use and antibiotics use were consistent across the different sample types.	University of North Carolina at Charlotte		
PRJNA834801	SRP373424	Characterizing dysbiosis of the Parkinson's disease gut microbiome using shotgun metagenomics	Parkinson's disease (PD) is a common, progressive and debilitating neurodegenerative disease which currently cannot be prevented or cured. It is well-established that the overall composition of the gut microbiome is altered in PD, but little is still known about the nature of the dysbiosis and the key players. To characterize the dysbiosis at species, gene family, and metabolic pathway resolution, we enrolled 490 PD and 234 age and geographically matched neurologically healthy individuals, collected stool and metadata, and conducted deep shotgun metagenomic sequencing of fecal DNA. Sequences and metadata are provided here.	University of Alabama at Birmingham		
